Timestamp,mean,std,count
2026-07-09 00:00:00,0.5518861111111111,0.2550095440333254,3600
2026-07-09 01:00:00,0.8099777777777778,0.30847183965571146,3600
2026-07-09 02:00:00,0.9545777777777777,0.4330198431451372,3600
2026-07-09 03:00:00,0.6381666666666667,0.47518285917389885,3600
2026-07-09 04:00:00,1.1473805555555554,0.7402676683432545,3600
2026-07-09 05:00:00,1.3403972222222222,0.8196801895972465,3600
2026-07-09 06:00:00,1.5437888888888889,0.9723331549708166,3600
2026-07-09 07:00:00,1.6572833333333334,1.0316667969008835,3600
2026-07-09 08:00:00,1.4325861111111111,0.8980801082782784,3600
2026-07-09 09:00:00,2.3585333333333334,1.3890177410959128,3600
2026-07-09 10:00:00,3.0496583333333334,1.6031642855681578,3600
2026-07-09 11:00:00,3.0966916666666666,1.623468384812323,3600
2026-07-09 12:00:00,5.428880555555556,1.760494700852781,3600
2026-07-09 13:00:00,5.266725,1.5873544711919607,3600
2026-07-09 14:00:00,4.331466666666667,1.5071340083563252,3600
2026-07-09 15:00:00,5.0699861111111115,1.6041271703609032,3600
2026-07-09 16:00:00,4.735247222222222,1.3546431303301891,3600
2026-07-09 17:00:00,4.378061111111111,1.206263853004924,3600
2026-07-09 18:00:00,3.500602777777778,1.0987010431457522,3600
2026-07-09 19:00:00,2.800161111111111,1.0164424427322392,3600
2026-07-09 20:00:00,2.231036111111111,0.8582689394741696,3600
2026-07-09 21:00:00,1.9763416666666667,0.6847249991530394,3600
2026-07-09 22:00:00,1.307963888888889,0.44698787376817284,3600
2026-07-09 23:00:00,1.2349277777777776,0.3153689368504028,3600
2026-07-10 00:00:00,0.7280444444444445,0.30952896160804766,3600
2026-07-10 01:00:00,0.5666944444444444,0.21916451011067062,3600
2026-07-10 02:00:00,0.4941305555555555,0.2769570684022198,3600
2026-07-10 03:00:00,0.6287472222222221,0.2630726859899792,3600
2026-07-10 04:00:00,0.7701777777777777,0.44330407319591886,3600
2026-07-10 05:00:00,1.171061111111111,0.6685804086766438,3600
2026-07-10 06:00:00,1.5074222222222222,0.9369049324882228,3600
2026-07-10 07:00:00,1.5106027777777777,1.0007853531789919,3600
2026-07-10 08:00:00,1.7242166666666667,1.1303110429894332,3600
2026-07-10 09:00:00,1.6038333333333334,0.9386296639318296,3600
2026-07-10 10:00:00,2.194511111111111,1.3382721563352535,3600
2026-07-10 11:00:00,2.2195722222222223,1.623384626060484,3600
2026-07-10 12:00:00,2.810570680628272,1.5869739659986624,1910
